,x1,x2,x3,x4,x7
0,0.51,0.4,0.56,0.17,0.49
1,0.4,0.39,0.6,0.15,0.58
2,0.4,0.42,0.57,0.35,0.53
3,0.46,0.44,0.52,0.11,0.5
4,0.47,0.39,0.5,0.11,0.49
5,0.45,0.4,0.5,0.16,0.5
6,0.43,0.44,0.48,0.22,0.51
7,0.73,0.63,0.42,0.3,0.49
8,0.43,0.53,0.52,0.13,0.55
9,0.46,0.53,0.52,0.15,0.58
10,0.59,0.45,0.53,0.19,0.59
11,0.57,0.47,0.6,0.18,0.51
12,0.38,0.61,0.61,0.12,0.53
13,0.4,0.45,0.57,0.18,0.56
14,0.48,0.39,0.51,0.21,0.52
15,0.56,0.48,0.58,0.27,0.51
16,0.64,0.59,0.56,0.23,0.46
17,0.64,0.56,0.56,0.22,0.45
18,0.66,0.62,0.49,0.1,0.49
19,0.53,0.44,0.51,0.33,0.55
20,0.38,0.49,0.53,0.19,0.5
21,0.54,0.48,0.44,0.08,0.52
22,0.6,0.47,0.45,0.22,0.51
23,0.34,0.46,0.57,0.09,0.55
24,0.48,0.54,0.55,0.12,0.51
25,0.47,0.39,0.59,0.15,0.57
26,0.48,0.42,0.52,0.24,0.56
27,0.58,0.51,0.49,0.27,0.57
28,0.42,0.47,0.52,0.41,0.53
29,0.36,0.46,0.62,0.46,0.51
30,0.4,0.45,0.56,0.2,0.45
31,0.49,0.61,0.49,0.25,0.5
32,0.64,0.57,0.57,0.27,0.37
33,0.47,0.52,0.5,0.4,0.41
34,0.47,0.39,0.55,0.24,0.47
35,0.42,0.35,0.54,0.18,0.56
36,0.3,0.56,0.55,0.18,0.5
37,0.65,0.65,0.52,0.16,0.6
38,0.27,0.6,0.48,0.23,0.55
39,0.41,0.4,0.59,0.47,0.48
40,0.5,0.64,0.57,0.15,0.47
41,0.4,0.62,0.52,0.31,0.49
42,0.6,0.5,0.57,0.25,0.41
43,0.34,0.54,0.5,0.21,0.54
44,0.29,0.32,0.58,0.15,0.5
45,0.39,0.47,0.56,0.16,0.47
46,0.43,0.57,0.53,0.16,0.54
47,0.59,0.48,0.5,0.14,0.45
48,0.39,0.55,0.48,0.31,0.54
49,0.44,0.39,0.53,0.14,0.54
50,0.45,0.43,0.51,0.24,0.54
51,0.42,0.43,0.56,0.1,0.49
52,0.4,0.42,0.71,0.21,0.54
53,0.4,0.42,0.71,0.21,0.54
54,0.54,0.49,0.49,0.2,0.52
55,0.48,0.61,0.44,0.2,0.47
56,0.66,0.45,0.5,0.23,0.49
57,0.21,0.41,0.55,0.11,0.5
58,0.39,0.4,0.53,0.67,0.47
59,0.24,0.34,0.69,0.18,0.52
60,0.49,0.43,0.51,0.13,0.47
61,0.54,0.38,0.52,0.18,0.48
62,0.43,0.57,0.53,0.53,0.53
63,0.48,0.64,0.61,0.23,0.6
64,0.31,0.55,0.52,0.17,0.52
65,0.32,0.57,0.5,0.15,0.53
66,0.32,0.42,0.52,0.24,0.6
67,0.59,0.5,0.52,0.28,0.55
68,0.37,0.42,0.51,0.11,0.57
69,0.44,0.42,0.6,0.21,0.57
70,0.53,0.51,0.46,0.28,0.48
71,0.35,0.66,0.49,0.21,0.54
72,0.52,0.4,0.6,0.12,0.55
73,0.57,0.41,0.59,0.24,0.4
74,0.56,0.41,0.58,0.21,0.42
75,0.41,0.51,0.58,0.15,0.45
76,0.38,0.51,0.75,0.17,0.55
77,0.38,0.51,0.75,0.17,0.55
78,0.45,0.27,0.57,0.36,0.52
79,0.2,0.26,0.52,0.14,0.53
80,0.51,0.53,0.55,0.14,0.51
81,0.38,0.48,0.59,0.22,0.46
82,0.8,0.46,0.5,0.15,0.53
83,0.46,0.35,0.53,0.16,0.51
84,0.56,0.52,0.55,0.19,0.54
85,0.39,0.45,0.53,0.18,0.54
86,0.52,0.54,0.5,0.21,0.48
87,0.55,0.46,0.53,0.11,0.52
88,0.45,0.56,0.54,0.32,0.57
89,0.45,0.56,0.53,0.32,0.57
90,0.54,0.65,0.49,0.34,0.52
91,0.59,0.58,0.46,0.19,0.56
92,0.55,0.56,0.45,0.14,0.54
93,0.32,0.47,0.55,0.12,0.52
94,0.62,0.58,0.46,0.13,0.53
95,0.35,0.46,0.49,0.15,0.55
96,0.43,0.51,0.48,0.14,0.5
97,0.57,0.61,0.45,0.26,0.5
98,0.63,0.62,0.42,0.12,0.52
99,0.25,0.4,0.51,0.18,0.5
100,0.56,0.62,0.53,0.24,0.57
101,0.58,0.6,0.51,0.24,0.53
102,0.71,0.59,0.53,0.15,0.49
103,0.35,0.36,0.57,0.17,0.52
104,0.45,0.4,0.56,0.14,0.54
105,0.47,0.47,0.58,0.16,0.49
106,0.41,0.39,0.51,0.52,0.49
107,0.69,0.6,0.5,0.31,0.55
108,0.51,0.58,0.54,0.29,0.53
109,0.55,0.66,0.57,0.32,0.57
110,0.48,0.35,0.42,0.21,0.57
111,0.62,0.58,0.52,0.15,0.52
112,0.5,0.5,0.48,0.17,0.47
113,0.45,0.42,0.52,0.2,0.5
114,0.51,0.35,0.46,0.15,0.51
115,0.42,0.39,0.47,0.13,0.5
116,0.32,0.38,0.52,0.2,0.52
117,0.59,0.65,0.52,0.3,0.46
118,0.41,0.52,0.41,0.11,0.54
119,0.37,0.33,0.5,0.12,0.51
120,0.45,0.56,0.49,0.17,0.52
121,0.6,0.4,0.59,0.18,0.48
122,0.38,0.47,0.53,0.12,0.48
123,0.59,0.43,0.52,0.19,0.55
124,0.64,0.53,0.45,0.13,0.53
125,0.52,0.51,0.51,0.12,0.51
126,0.49,0.43,0.48,0.15,0.55
127,0.49,0.47,0.52,0.16,0.53
128,0.48,0.39,0.49,0.18,0.51
129,0.44,0.34,0.55,0.18,0.52
130,0.49,0.42,0.54,0.17,0.5
131,0.74,0.53,0.5,0.08,0.55
132,0.3,0.5,0.47,0.11,0.46
133,0.44,0.51,0.48,0.38,0.52
134,0.31,0.45,0.5,0.17,0.49
135,0.55,0.41,0.56,0.21,0.52
136,0.4,0.48,0.5,0.17,0.54
137,0.58,0.45,0.48,0.24,0.52
138,0.58,0.41,0.51,0.26,0.51
139,0.38,0.49,0.61,0.13,0.54
140,0.21,0.38,0.49,0.16,0.51
141,0.48,0.34,0.47,0.14,0.47
142,0.35,0.4,0.53,0.18,0.42
143,0.53,0.43,0.47,0.15,0.58
144,0.46,0.45,0.56,0.16,0.56
145,0.56,0.44,0.56,0.19,0.54
146,0.61,0.54,0.49,0.16,0.54
147,0.66,0.62,0.52,0.17,0.49
148,0.44,0.41,0.58,0.2,0.57
149,0.61,0.54,0.49,0.19,0.54
150,0.41,0.3,0.49,0.28,0.54
151,0.41,0.43,0.5,0.28,0.5
152,0.51,0.43,0.63,0.18,0.52
153,0.5,0.46,0.52,0.16,0.52
154,0.51,0.34,0.43,0.18,0.48
155,0.43,0.51,0.6,0.25,0.55
156,0.42,0.25,0.6,0.14,0.45
157,0.43,0.52,0.53,0.52,0.49
158,0.38,0.49,0.54,1.0,0.5
159,0.27,0.56,0.56,0.18,0.52
160,0.43,0.45,0.54,0.14,0.5
161,0.52,0.48,0.58,0.55,0.48
162,0.51,0.43,0.47,0.19,0.52
163,0.54,0.54,0.49,0.14,0.56
164,0.5,0.45,0.48,0.17,0.5
165,0.46,0.47,0.46,0.16,0.51
166,0.5,0.34,0.62,0.19,0.57
167,0.39,0.37,0.56,0.15,0.5
168,0.48,0.51,0.57,0.24,0.5
169,0.62,0.6,0.47,0.16,0.53
170,0.49,0.44,0.45,0.22,0.51
171,0.57,0.44,0.42,0.2,0.54
172,0.4,0.47,0.48,0.18,0.46
173,0.34,0.54,0.54,0.13,0.52
174,0.29,0.46,0.54,0.27,0.49
175,0.46,0.55,0.61,0.13,0.47
176,0.57,0.4,0.48,0.24,0.55
177,0.58,0.38,0.4,0.21,0.5
178,0.53,0.41,0.5,0.24,0.47
179,0.43,0.4,0.5,0.18,0.5
180,0.49,0.6,0.55,0.17,0.44
181,0.37,0.41,0.45,0.14,0.47
182,0.5,0.36,0.53,0.41,0.55
183,0.59,0.58,0.39,0.52,0.5
184,0.47,0.5,0.55,0.19,0.62
185,0.35,0.5,0.44,0.27,0.51
186,0.49,0.44,0.51,0.18,0.52
187,0.29,0.34,0.55,0.24,0.51
188,0.28,0.48,0.56,0.16,0.48
189,0.69,0.39,0.52,0.12,0.38
190,0.56,0.48,0.5,0.3,0.51
191,0.45,0.46,0.61,0.2,0.62
192,0.49,0.45,0.53,0.16,0.49
193,0.51,0.46,0.57,0.25,0.53
194,0.49,0.45,0.46,0.18,0.49
195,0.52,0.46,0.51,0.18,0.5
196,0.55,0.59,0.52,0.1,0.53
197,0.39,0.58,0.5,0.1,0.51
198,0.57,0.49,0.5,0.2,0.51
199,0.62,0.43,0.49,0.29,0.5
200,0.45,0.41,0.49,0.14,0.53
201,0.47,0.49,0.6,0.15,0.38
202,0.46,0.46,0.53,0.23,0.51
203,0.48,0.42,0.48,0.19,0.58
204,0.43,0.45,0.53,0.19,0.56
205,0.28,0.36,0.55,0.15,0.57
206,0.38,0.62,0.52,0.14,0.53
207,0.55,0.51,0.54,0.2,0.56
208,0.45,0.47,0.53,0.15,0.52
209,0.51,0.48,0.46,0.29,0.54
210,0.55,0.63,0.54,0.16,0.45
211,0.46,0.62,0.54,0.25,0.46
212,0.53,0.59,0.48,0.14,0.51
213,0.42,0.53,0.57,0.17,0.49
214,0.52,0.46,0.56,0.2,0.5
215,0.53,0.43,0.57,0.24,0.39
216,0.56,0.48,0.5,0.17,0.51
217,0.77,0.57,0.45,0.17,0.53
218,0.45,0.45,0.52,0.17,0.54
219,0.28,0.51,0.55,0.19,0.57
220,0.51,0.51,0.56,0.28,0.54
221,0.48,0.56,0.49,0.32,0.5
222,0.59,0.46,0.48,0.46,0.49
223,0.53,0.45,0.53,0.18,0.42
224,0.45,0.27,0.5,0.33,0.53
225,0.48,0.5,0.56,0.11,0.33
226,0.35,0.47,0.53,0.19,0.48
227,0.48,0.48,0.56,0.18,0.58
228,0.46,0.43,0.5,0.24,0.48
229,0.43,0.46,0.5,0.21,0.49
230,0.61,0.55,0.51,0.26,0.52
231,0.59,0.47,0.51,0.53,0.53
232,0.4,0.6,0.5,0.16,0.51
233,0.61,0.46,0.54,0.11,0.47
234,0.66,0.55,0.54,0.18,0.43
235,0.6,0.48,0.46,0.32,0.4
236,0.64,0.44,0.51,0.35,0.53
237,0.45,0.52,0.5,0.12,0.6
238,0.38,0.4,0.59,0.25,0.44
239,0.39,0.39,0.59,0.25,0.45
240,0.54,0.55,0.56,0.14,0.5
241,0.45,0.5,0.57,0.29,0.44
242,0.45,0.5,0.57,0.29,0.44
243,0.61,0.38,0.57,0.36,0.44
244,0.61,0.38,0.57,0.36,0.44
245,0.43,0.33,0.54,0.37,0.38
246,0.43,0.33,0.54,0.37,0.38
247,0.51,0.39,0.58,0.19,0.47
248,0.35,0.33,0.48,0.42,0.47
249,0.46,0.35,0.69,0.18,0.3
250,0.46,0.35,0.69,0.18,0.3
251,0.57,0.43,0.52,0.3,0.37
252,0.57,0.43,0.52,0.3,0.37
253,0.59,0.51,0.48,0.12,0.54
254,0.59,0.51,0.48,0.12,0.54
255,0.61,0.53,0.59,0.17,0.44
256,0.61,0.48,0.56,0.19,0.53
257,0.61,0.48,0.56,0.19,0.53
258,0.44,0.56,0.52,0.18,0.5
259,0.36,0.56,0.52,0.18,0.45
260,0.37,0.44,0.64,0.48,0.36
261,0.72,0.37,0.63,0.38,0.4
262,0.72,0.37,0.63,0.38,0.4
263,0.44,0.36,0.64,0.45,0.53
264,0.58,0.45,0.55,0.27,0.48
265,0.63,0.64,0.45,0.26,0.43
266,0.63,0.64,0.45,0.26,0.43
267,0.43,0.33,0.67,0.12,0.45
268,0.43,0.33,0.67,0.12,0.43
269,0.58,0.44,0.5,0.26,0.52
270,0.38,0.43,0.53,0.22,0.48
271,0.4,0.45,0.61,0.29,0.44
272,0.4,0.45,0.61,0.29,0.44
273,0.34,0.34,0.65,0.4,0.32
274,0.34,0.34,0.65,0.4,0.32
275,0.43,0.22,0.79,0.79,0.22
276,0.35,0.21,1.0,0.8,0.13
277,0.35,0.21,1.0,0.8,0.13
278,0.56,0.35,0.47,0.41,0.5
279,0.56,0.35,0.47,0.35,0.52
280,0.54,0.44,0.55,0.48,0.47
281,0.35,0.39,0.56,0.2,0.49
282,0.48,0.46,0.58,0.16,0.45
283,0.48,0.55,0.48,0.1,0.55
284,0.66,0.6,0.52,0.19,0.69
285,0.69,0.54,0.55,0.23,0.73
286,0.73,0.6,0.47,0.2,0.72
287,0.78,0.82,0.56,0.21,0.69
288,0.46,0.33,0.45,0.22,0.41
289,0.52,0.43,0.61,0.22,0.45
290,0.52,0.43,0.61,0.22,0.45
291,0.32,0.44,0.54,0.21,0.4
292,0.32,0.44,0.54,0.21,0.4
293,0.48,0.41,0.52,0.33,0.51
294,0.46,0.39,0.54,0.22,0.48
295,0.46,0.39,0.54,0.22,0.48
296,0.42,0.5,0.64,0.13,0.49
297,0.46,0.54,0.59,0.41,0.53
298,0.46,0.54,0.59,0.41,0.53
299,0.39,0.65,0.57,0.19,0.44
300,0.39,0.65,0.57,0.19,0.43
301,0.38,0.5,0.52,0.44,0.54
302,0.38,0.5,0.52,0.44,0.54
303,0.51,0.52,0.58,0.17,0.47
304,0.57,0.48,0.54,0.22,0.5
305,0.5,0.5,0.62,0.23,0.35
306,0.41,0.49,0.65,0.28,0.59
307,0.53,0.57,0.6,0.36,0.5
308,0.53,0.57,0.6,0.36,0.5
309,0.37,0.3,0.62,0.43,0.44
310,0.37,0.3,0.62,0.43,0.44
311,0.49,0.4,0.58,0.23,0.47
312,0.37,0.37,0.51,0.38,0.44
313,0.51,0.4,0.5,0.28,0.48
314,0.34,0.25,0.55,0.28,0.51
315,0.59,0.54,0.53,0.14,0.48
316,0.5,0.48,0.48,0.23,0.53
317,0.56,0.42,0.52,0.14,0.51
318,0.46,0.42,0.51,0.16,0.56
319,0.6,0.51,0.49,0.18,0.53
320,0.49,0.38,0.56,0.09,0.46
321,0.38,0.4,0.53,0.12,0.55
322,0.55,0.55,0.52,0.13,0.53
323,0.46,0.44,0.58,0.17,0.55
324,0.34,0.46,0.52,0.19,0.53
325,0.58,0.56,0.46,0.14,0.51
326,0.44,0.71,0.5,0.21,0.54
327,0.41,0.49,0.47,0.09,0.49
328,0.44,0.51,0.53,0.3,0.53
329,0.54,0.51,0.56,0.15,0.54
330,0.46,0.38,0.51,0.2,0.51
331,0.41,0.4,0.56,0.17,0.56
332,0.59,0.55,0.57,0.18,0.51
333,0.48,0.51,0.5,0.24,0.54
334,0.39,0.3,0.63,0.2,0.43
335,0.3,0.33,0.55,0.12,0.53
336,0.53,0.49,0.47,0.21,0.53
337,0.42,0.43,0.67,0.7,0.42
338,0.56,0.55,0.57,0.15,0.54
339,0.37,0.55,0.52,0.13,0.42
340,0.64,0.31,0.53,0.15,0.53
341,0.54,0.5,0.51,0.26,0.52
342,0.6,0.64,0.56,0.36,0.46
343,0.39,0.45,0.51,0.29,0.54
344,0.43,0.47,0.47,0.18,0.47
345,0.55,0.57,0.51,0.07,0.55
346,0.52,0.47,0.58,0.18,0.34
347,0.52,0.47,0.58,0.18,0.34
348,0.5,0.45,0.51,0.19,0.53
349,0.61,0.5,0.61,0.21,0.55
350,0.5,0.52,0.51,0.22,0.46
351,0.62,0.33,0.49,0.24,0.51
352,0.56,0.52,0.46,0.17,0.49
353,0.52,0.56,0.55,0.16,0.53
354,0.53,0.48,0.51,0.18,0.52
355,0.51,0.48,0.51,0.19,0.51
356,0.51,0.48,0.51,0.26,0.51
357,0.53,0.48,0.51,0.18,0.51
358,0.6,0.46,0.51,0.1,0.48
359,0.6,0.46,0.51,0.1,0.48
360,0.45,0.45,0.51,0.3,0.48
361,0.36,0.37,0.63,0.25,0.3
362,0.3,0.45,0.55,0.19,0.53
363,0.44,0.4,0.53,0.19,0.48
364,0.33,0.37,0.49,0.22,0.55
365,0.39,0.39,0.65,0.16,0.45
366,0.51,0.59,0.55,0.21,0.52
367,0.41,0.35,0.6,0.22,0.56
368,0.41,0.49,0.55,0.13,0.55
369,0.23,0.29,0.46,0.0,0.43
370,0.25,0.48,0.45,0.32,0.4
371,0.38,0.34,0.55,0.44,0.48
372,0.63,0.64,0.49,0.2,0.52
373,0.48,0.44,0.46,0.37,0.46
374,0.5,0.49,0.46,0.22,0.53
375,0.62,0.42,0.47,0.16,0.52
376,0.5,0.45,0.52,0.18,0.52
377,0.59,0.51,0.47,0.21,0.47
378,0.39,0.47,0.49,0.2,0.53
379,0.49,0.48,0.52,0.24,0.5
380,0.59,0.48,0.49,0.42,0.52
381,0.57,0.35,0.5,0.43,0.53
382,0.61,0.52,0.5,0.44,0.53
383,0.63,0.43,0.48,0.11,0.51
384,0.63,0.43,0.48,0.11,0.51
385,0.52,0.45,0.53,0.34,0.52
386,0.54,0.48,0.55,0.33,0.55
387,0.42,0.5,0.59,0.17,0.51
388,0.54,0.55,0.55,0.4,0.53
389,0.31,0.31,0.57,0.15,0.5
390,0.38,0.42,0.5,0.19,0.44
391,0.33,0.36,0.62,0.26,0.55
392,0.38,0.42,0.5,0.19,0.44
393,0.47,0.56,0.58,0.19,0.44
394,0.32,0.32,0.52,0.18,0.48
395,0.28,0.27,0.5,0.14,0.5
396,0.41,0.46,0.57,0.25,0.57
397,0.44,0.54,0.51,0.16,0.58
398,0.44,0.55,0.51,0.16,0.6
399,0.4,0.56,0.53,0.15,0.49
400,0.58,0.55,0.51,0.13,0.52
401,0.55,0.69,0.51,0.12,0.51
402,0.44,0.49,0.49,0.27,0.52
403,0.25,0.26,0.53,0.17,0.45
404,0.49,0.46,0.54,0.18,0.35
405,0.42,0.37,0.54,0.17,0.51
406,0.42,0.45,0.75,0.21,0.48
407,0.39,0.45,0.75,0.17,0.51
408,0.63,0.54,0.53,0.27,0.49
409,0.54,0.43,0.48,0.27,0.44
410,0.4,0.44,0.5,0.13,0.52
411,0.62,0.6,0.54,0.22,0.54
412,0.33,0.46,0.53,0.12,0.5
413,0.57,0.36,0.51,0.25,0.54
414,0.45,0.76,0.51,0.25,0.59
415,0.48,0.44,0.51,0.24,0.49
416,0.59,0.64,0.44,0.26,0.5
417,0.79,0.56,0.53,0.19,0.47
418,0.52,0.5,0.6,0.2,0.52
419,0.59,0.46,0.57,0.17,0.52
420,0.53,0.42,0.53,0.19,0.47
421,0.59,0.46,0.55,0.17,0.52
422,0.66,0.54,0.53,0.17,0.54
423,0.52,0.51,0.48,0.12,0.54
424,0.56,0.46,0.51,0.25,0.54
425,0.47,0.46,0.49,0.27,0.59
426,0.5,0.46,0.49,0.27,0.6
427,0.5,0.44,0.57,0.28,0.57
428,0.46,0.47,0.62,0.3,0.38
429,0.59,0.7,0.46,0.19,0.54
430,0.19,0.41,0.55,0.13,0.52
431,0.27,0.43,0.5,0.13,0.54
432,0.42,0.46,0.44,0.17,0.51
433,0.48,0.39,0.56,0.23,0.6
434,0.47,0.59,0.56,0.09,0.5
435,0.4,0.28,0.58,0.44,0.41
436,0.54,0.35,0.55,0.19,0.3
437,0.51,0.49,0.48,0.55,0.52
438,0.5,0.55,0.52,0.16,0.51
439,0.65,0.63,0.47,0.22,0.52
440,0.41,0.48,0.51,0.2,0.51
441,0.25,0.4,0.54,0.16,0.43
442,0.63,0.56,0.52,0.21,0.5
443,0.56,0.68,0.42,0.36,0.49
444,0.46,0.52,0.51,0.13,0.47
445,0.5,0.4,0.57,0.17,0.59
446,0.53,0.52,0.49,0.27,0.51
447,0.5,0.47,0.56,0.31,0.56
448,0.24,0.25,0.57,0.28,0.51
449,0.59,0.48,0.49,0.49,0.36
450,0.64,0.44,0.56,0.15,0.56
451,0.48,0.58,0.47,0.17,0.53
452,0.47,0.5,0.6,0.63,0.38
453,0.47,0.38,0.58,0.19,0.57
454,0.41,0.45,0.46,0.23,0.5
455,0.38,0.48,0.57,0.3,0.41
456,0.6,0.61,0.54,0.11,0.46
457,0.48,0.61,0.57,0.17,0.45
458,0.71,0.5,0.5,0.18,0.46
459,0.61,0.48,0.54,0.25,0.5
460,0.38,0.32,0.64,0.41,0.44
461,0.38,0.4,0.66,0.35,0.43
462,0.65,0.54,0.54,0.13,0.53
463,0.78,0.74,0.58,0.25,0.53
464,0.77,0.8,0.51,0.4,0.54
465,0.85,0.56,0.33,0.38,0.55
466,0.86,0.92,0.5,0.37,0.53
467,0.7,0.84,0.49,0.28,0.58
468,0.74,0.67,0.47,0.34,0.42
469,0.49,0.39,0.52,0.29,0.48
470,0.81,0.85,0.47,0.37,0.56
471,0.8,0.63,0.45,0.29,0.51
472,0.69,0.7,0.52,0.36,0.46
473,0.77,0.79,0.58,0.23,0.48
474,0.82,0.78,0.49,0.23,0.46
475,0.82,0.75,0.54,0.23,0.46
476,0.77,0.87,0.47,0.37,0.48
477,0.81,0.82,0.41,0.36,0.39
478,0.84,0.63,0.38,0.23,0.53
479,0.89,0.77,0.36,0.34,0.44
480,0.87,0.83,0.57,0.36,0.36
481,0.68,0.68,0.49,0.15,0.53
482,0.46,0.42,0.6,0.21,0.4
483,0.8,0.81,0.55,0.35,0.42
484,0.79,0.74,0.49,0.33,0.48
485,0.41,0.59,0.46,0.19,0.36
486,0.51,0.65,0.53,0.19,0.49
487,0.74,0.72,0.5,0.28,0.5
488,0.74,0.72,0.5,0.28,0.49
489,0.77,0.72,0.48,0.26,0.51
490,0.74,0.74,0.51,0.27,0.5
491,0.77,0.78,0.51,0.28,0.33
492,0.74,0.71,0.52,0.3,0.27
493,0.77,0.73,0.51,0.27,0.34
494,0.66,0.65,0.54,0.4,0.51
495,0.77,0.73,0.49,0.46,0.38
496,0.7,0.58,0.53,0.39,0.59
497,0.83,0.81,0.45,0.38,0.4
498,0.74,0.82,0.46,0.24,0.5
499,0.74,0.82,0.46,0.24,0.48
500,0.75,0.76,0.58,0.22,0.49
501,0.71,0.64,0.42,0.28,0.43
502,0.8,0.79,0.43,0.25,0.52
503,0.8,0.88,0.36,0.39,0.56
504,0.78,0.74,0.42,0.26,0.43
505,0.75,0.7,0.38,0.27,0.49
506,0.73,0.83,0.43,0.3,0.55
507,0.78,0.7,0.32,0.23,0.53
508,0.74,0.72,0.47,0.25,0.57
509,0.91,0.77,0.34,0.47,0.52
510,0.84,0.66,0.36,0.78,0.49
511,0.7,0.69,0.43,0.33,0.58
512,0.85,0.85,0.3,0.31,0.55
513,0.89,0.81,0.36,0.71,0.55
514,0.7,0.73,0.37,0.37,0.48
515,0.67,0.63,0.34,0.41,0.6
516,0.7,0.73,0.38,0.36,0.54
517,0.84,0.87,0.45,0.54,0.28
518,0.76,0.76,0.35,0.27,0.44
519,0.81,0.79,0.32,0.37,0.41
520,0.74,0.89,0.32,0.24,0.54
521,0.78,0.69,0.44,0.26,0.54
522,0.77,0.86,0.44,0.27,0.48
523,0.85,0.66,0.49,0.18,0.51
524,0.77,0.82,0.4,0.36,0.38
525,0.85,0.69,0.34,0.31,0.57
526,0.88,0.72,0.32,0.3,0.52
527,0.78,0.73,0.27,0.28,0.56
528,0.77,0.7,0.44,0.29,0.56
529,0.79,0.79,0.42,0.26,0.6
530,0.8,0.83,0.43,0.24,0.54
531,0.78,0.71,0.35,0.25,0.49
532,1.0,0.8,0.29,0.36,0.52
533,0.69,0.66,0.36,0.09,0.56
534,0.77,0.78,0.27,0.37,0.49
535,0.71,0.79,0.41,0.38,0.54
536,0.8,0.82,0.4,0.31,0.57
537,0.77,0.7,0.37,0.12,0.49
538,0.74,0.73,0.32,0.2,0.55
539,0.75,0.73,0.35,0.33,0.49
540,0.83,0.94,0.32,0.21,0.51
541,0.92,0.66,0.52,0.23,0.53
542,0.72,0.73,0.41,0.28,0.44
543,0.8,0.73,0.47,0.19,0.49
544,0.77,0.68,0.35,0.19,0.53
545,0.85,0.85,0.3,0.31,0.55
546,0.77,0.74,0.37,0.29,0.45
547,0.86,0.68,0.39,0.24,0.54
548,0.86,0.74,0.51,0.4,0.55
549,0.79,0.57,0.41,0.28,0.59
550,0.74,0.75,0.58,0.47,0.4
551,0.69,0.61,0.38,0.27,0.52
552,0.54,0.42,0.41,0.16,0.52
553,0.83,0.58,0.33,0.04,0.53
554,0.71,0.56,0.39,0.27,0.52
555,0.57,0.59,0.44,0.16,0.52
556,0.92,0.61,0.4,0.22,0.54
557,0.34,0.38,0.45,0.19,0.51
558,0.73,0.55,0.41,0.16,0.46
559,0.81,0.9,0.39,0.41,0.53
560,0.91,0.69,0.57,0.45,0.56
561,0.69,0.48,0.38,0.15,0.55
562,0.68,0.5,0.43,0.27,0.61
563,0.81,0.76,0.32,0.37,0.51
564,0.89,0.82,0.6,0.49,0.55
565,0.77,0.6,0.42,0.33,0.57
566,0.76,0.74,0.56,0.34,0.51
567,0.58,0.76,0.4,0.37,0.54
568,0.94,0.6,0.33,0.49,0.54
569,0.83,0.53,0.52,0.2,0.48
570,0.36,0.34,0.46,0.19,0.52
571,0.78,0.48,0.47,0.3,0.53
572,0.72,0.56,0.4,0.26,0.51
573,0.66,0.66,0.32,0.54,0.51
574,0.74,0.56,0.35,0.36,0.51
575,0.89,0.52,0.41,0.26,0.52
576,0.78,0.63,0.53,0.13,0.54
577,0.83,0.57,0.42,0.57,0.5
578,0.43,0.38,0.38,0.12,0.5
579,0.76,0.67,0.37,0.22,0.54
580,0.95,0.71,0.27,0.39,0.31
581,0.97,0.71,0.29,0.42,0.35
582,0.81,0.55,0.35,0.34,0.51
583,0.55,0.52,0.44,0.2,0.56
584,0.46,0.47,0.44,0.18,0.46
585,0.56,0.49,0.32,0.22,0.5
586,0.39,0.71,0.38,0.14,0.5
587,0.37,0.42,0.46,0.15,0.51
588,0.7,0.57,0.34,0.19,0.53
589,0.8,0.69,0.53,0.33,0.51
590,0.79,0.62,0.35,0.35,0.6
591,0.88,0.75,0.41,0.36,0.43
592,0.71,0.51,0.49,0.23,0.3
593,0.69,0.57,0.39,0.19,0.48
594,0.86,0.78,0.34,0.15,0.53
595,0.63,0.71,0.44,0.53,0.52
596,0.81,0.62,0.43,0.17,0.53
597,0.67,0.57,0.36,0.19,0.56
598,0.41,0.54,0.39,0.2,0.51
599,0.42,0.24,0.34,0.16,0.5
600,0.41,0.53,0.45,0.14,0.52
601,0.28,0.58,0.21,0.13,0.51
602,0.39,0.44,0.35,0.16,0.55
603,0.38,0.5,0.37,0.26,0.43
604,0.36,0.58,0.35,0.24,0.44
605,0.36,0.43,0.39,0.12,0.49
606,0.44,0.59,0.36,0.16,0.52
607,0.54,0.55,0.34,0.31,0.54
608,0.39,0.58,0.5,0.26,0.54
609,0.35,0.45,0.43,0.11,0.56
610,0.42,0.42,0.42,0.2,0.49
611,0.26,0.5,0.33,0.28,0.51
612,0.39,0.42,0.38,0.4,0.49
613,0.26,0.44,0.3,0.11,0.51
614,0.47,0.54,0.37,0.14,0.5
615,0.36,0.37,0.33,0.14,0.57
616,0.55,0.42,0.34,0.3,0.52
617,0.34,0.42,0.3,0.23,0.53
618,0.51,0.55,0.35,0.16,0.51
619,0.36,0.49,0.3,0.22,0.52
620,0.29,0.43,0.4,0.15,0.53
621,0.52,0.75,0.37,0.14,0.46
622,0.58,0.6,0.43,0.12,0.55
623,0.63,0.61,0.41,0.22,0.51
624,0.58,0.53,0.38,0.18,0.52
625,0.36,0.46,0.43,0.19,0.48
626,0.53,0.68,0.42,0.19,0.53
627,0.46,0.35,0.33,0.17,0.55
628,0.54,0.55,0.42,0.22,0.48
629,0.39,0.44,0.28,0.12,0.46
630,0.42,0.52,0.4,0.17,0.5
631,0.37,0.34,0.32,0.22,0.56
632,0.35,0.56,0.36,0.3,0.53
633,0.44,0.51,0.37,0.15,0.51
634,0.49,0.46,0.34,0.21,0.55
635,0.49,0.31,0.34,0.13,0.52
636,0.2,0.34,0.33,0.1,0.48
637,0.48,0.46,0.38,0.29,0.53
638,0.51,0.63,0.3,0.35,0.53
639,0.53,0.68,0.34,0.42,0.54
640,0.33,0.28,0.31,0.24,0.53
641,0.37,0.62,0.34,0.25,0.51
642,0.3,0.5,0.34,0.26,0.51
643,0.49,0.4,0.34,0.26,0.5
644,0.34,0.4,0.3,0.23,0.51
645,0.43,0.44,0.3,0.18,0.51
646,0.43,0.45,0.37,0.12,0.48
647,0.45,0.57,0.3,0.17,0.51
648,0.45,0.57,0.3,0.17,0.51
649,0.42,0.44,0.33,0.17,0.54
650,0.47,0.59,0.43,0.13,0.56
651,0.4,0.45,0.42,0.17,0.54
652,0.49,0.41,0.32,0.21,0.5
653,0.35,0.53,0.35,0.33,0.5
654,0.5,0.46,0.42,0.32,0.56
655,0.32,0.36,0.34,0.19,0.55
656,0.4,0.51,0.42,0.13,0.45
657,0.65,0.61,0.39,0.3,0.57
658,0.47,0.43,0.35,0.32,0.54
659,0.48,0.43,0.45,0.17,0.48
660,0.36,0.35,0.47,0.22,0.44
661,0.37,0.55,0.29,0.32,0.51
662,0.42,0.51,0.39,0.22,0.49
663,0.46,0.4,0.38,0.18,0.49
664,0.46,0.14,0.36,0.21,0.5
665,0.39,0.37,0.33,0.23,0.53
666,0.39,0.37,0.33,0.23,0.52
667,0.51,0.47,0.41,0.44,0.5
668,0.47,0.6,0.35,0.21,0.52
669,0.44,0.41,0.29,0.21,0.49
670,0.48,0.49,0.45,0.23,0.51
671,0.53,0.51,0.36,0.13,0.52
672,0.41,0.48,0.38,0.13,0.51
673,0.39,0.81,0.35,0.28,0.51
674,0.38,0.45,0.37,0.19,0.52
675,0.31,0.3,0.34,0.19,0.55
676,0.47,0.61,0.5,0.23,0.49
677,0.49,0.6,0.3,0.34,0.5
678,0.27,0.56,0.3,0.14,0.52
679,0.44,0.43,0.34,0.21,0.55
680,0.39,0.49,0.3,0.19,0.52
681,0.37,0.51,0.39,0.18,0.51
682,0.27,0.49,0.36,0.26,0.49
683,0.66,0.55,0.34,0.2,0.62
684,0.36,0.33,0.38,0.15,0.55
685,0.58,0.53,0.33,0.26,0.51
686,0.45,0.66,0.39,0.11,0.54
687,0.57,0.5,0.4,0.08,0.47
688,0.39,0.46,0.33,0.18,0.53
689,0.51,0.51,0.32,0.27,0.54
690,0.55,0.72,0.35,0.26,0.49
691,0.54,0.44,0.35,0.19,0.51
692,0.65,0.66,0.37,0.12,0.52
693,0.52,0.55,0.39,0.09,0.55
694,0.42,0.28,0.33,0.23,0.39
695,0.38,0.42,0.31,0.35,0.52
696,0.46,0.48,0.38,0.22,0.39
697,0.52,0.65,0.36,0.37,0.52
698,0.4,0.43,0.36,0.33,0.51
699,0.27,0.41,0.24,0.2,0.49
700,0.25,0.35,0.22,0.18,0.46
701,0.37,0.4,0.38,0.18,0.51
702,0.45,0.57,0.38,0.28,0.53
703,0.55,0.46,0.47,0.15,0.47
704,0.41,0.42,0.23,0.16,0.4
705,0.25,0.42,0.21,0.14,0.41
706,0.49,0.31,0.43,0.24,0.54
707,0.46,0.41,0.43,0.18,0.54
708,0.32,0.36,0.28,0.38,0.5
709,0.4,0.65,0.38,0.17,0.57
710,0.49,0.55,0.41,0.19,0.48
711,0.46,0.61,0.38,0.35,0.49
712,0.36,0.5,0.39,0.23,0.5
713,0.43,0.28,0.41,0.32,0.52
714,0.31,0.51,0.38,0.18,0.46
715,0.31,0.4,0.31,0.17,0.52
716,0.55,0.39,0.39,0.47,0.5
717,0.59,0.48,0.41,0.53,0.48
718,0.43,0.48,0.36,0.26,0.52
719,0.42,0.51,0.33,0.16,0.54
720,0.5,0.47,0.45,0.14,0.53
721,0.49,0.53,0.36,0.15,0.52
722,0.39,0.63,0.41,0.27,0.49
723,0.49,0.49,0.4,0.2,0.48
724,0.33,0.49,0.46,0.22,0.53
725,0.47,0.41,0.46,0.18,0.53
726,0.26,0.3,0.37,0.15,0.53
727,0.45,0.5,0.43,0.16,0.52
728,0.54,0.44,0.38,0.22,0.54
729,0.22,0.53,0.36,0.22,0.54
730,0.43,0.41,0.37,0.18,0.54
731,0.46,0.59,0.38,0.12,0.5
732,0.43,0.6,0.4,0.12,0.49
733,0.65,0.62,0.26,0.33,0.55
734,0.47,0.61,0.32,0.27,0.5
735,0.3,0.68,0.41,0.17,0.51
736,0.55,0.35,0.36,0.29,0.51
737,0.35,0.32,0.31,0.16,0.56
738,0.67,0.61,0.39,0.24,0.51
739,0.39,0.56,0.34,0.18,0.49
740,0.51,0.38,0.42,0.21,0.46
741,0.32,0.45,0.39,0.14,0.45
742,0.28,0.48,0.36,0.16,0.53
743,0.52,0.65,0.36,0.26,0.44
744,0.42,0.71,0.45,0.15,0.48
745,0.38,0.37,0.36,0.14,0.54
746,0.38,0.56,0.38,0.16,0.53
747,0.63,0.65,0.42,0.18,0.54
748,0.61,0.76,0.3,0.16,0.45
749,0.38,0.67,0.33,0.17,0.51
750,0.39,0.33,0.33,0.23,0.47
751,0.5,0.63,0.45,0.13,0.45
752,0.2,0.6,0.5,0.29,0.51
753,0.29,0.26,0.43,0.17,0.55
754,0.51,0.46,0.41,0.36,0.49
755,0.49,0.56,0.37,0.2,0.53
756,0.49,0.55,0.35,0.23,0.57
757,0.6,0.68,0.3,0.27,0.55
758,0.52,0.46,0.34,0.2,0.51
759,0.3,0.37,0.4,0.45,0.48
760,0.32,0.29,0.29,0.08,0.52
761,0.58,0.61,0.47,0.13,0.48
762,0.43,0.67,0.48,0.27,0.53
763,0.64,0.62,0.49,0.15,0.53
764,0.42,0.44,0.48,0.54,0.48
765,0.5,0.54,0.48,0.65,0.53
766,0.55,0.5,0.66,0.36,0.49
767,0.6,0.4,0.52,0.46,0.53
768,0.66,0.55,0.45,0.19,0.46
769,0.51,0.51,0.52,0.51,0.54
770,0.63,0.67,0.57,0.24,0.49
771,0.51,0.51,0.43,0.87,0.52
772,0.72,0.61,0.45,0.3,0.54
773,0.59,0.53,0.43,0.44,0.5
774,0.57,0.53,0.53,0.34,0.53
775,0.45,0.58,0.48,0.67,0.52
776,0.43,0.35,0.52,0.52,0.54
777,0.6,0.5,0.44,0.61,0.47
778,0.45,0.55,0.54,0.66,0.47
779,0.46,0.49,0.58,0.23,0.44
780,0.49,0.42,0.56,0.55,0.42
781,0.63,0.53,0.54,0.4,0.5
782,0.5,0.54,0.53,0.54,0.51
783,0.63,0.57,0.59,0.4,0.38
784,0.43,0.57,0.51,0.49,0.48
785,0.48,0.45,0.55,0.5,0.53
786,0.5,0.58,0.46,0.46,0.46
787,0.51,0.54,0.6,0.57,0.58
788,0.54,0.52,0.63,0.37,0.46
789,0.67,0.62,0.4,0.43,0.5
790,0.46,0.38,0.47,0.22,0.52
791,0.61,0.72,0.39,0.33,0.58
792,0.78,0.75,0.4,0.28,0.53
793,0.45,0.45,0.5,0.6,0.49
794,0.59,0.67,0.56,0.41,0.47
795,0.47,0.47,0.57,0.48,0.48
796,0.35,0.52,0.48,0.22,0.26
797,0.47,0.41,0.66,0.26,0.53
798,0.64,0.62,0.29,0.28,0.51
799,0.55,0.53,0.55,0.46,0.52
800,0.67,0.62,0.54,0.43,0.53
801,0.59,0.6,0.49,0.43,0.53
802,0.58,0.62,0.54,0.17,0.48
803,0.46,0.71,0.48,0.53,0.53
804,0.71,0.59,0.48,0.43,0.59
805,0.38,0.68,0.44,0.45,0.53
806,0.61,0.72,0.31,0.33,0.56
807,0.52,0.51,0.51,0.54,0.55
808,0.63,0.56,0.45,0.58,0.51
809,0.52,0.56,0.54,0.53,0.45
810,0.58,0.58,0.58,0.49,0.49
811,0.72,0.62,0.34,0.29,0.56
812,0.72,0.61,0.37,0.3,0.57
813,0.46,0.43,0.38,0.33,0.48
814,0.57,0.57,0.44,0.37,0.52
815,0.42,0.31,0.62,0.12,0.4
816,0.49,0.46,0.45,0.45,0.52
817,0.42,0.58,0.41,0.65,0.46
818,0.59,0.61,0.34,0.22,0.51
819,0.52,0.77,0.38,0.34,0.51
820,0.5,0.52,0.6,0.51,0.48
821,0.49,0.6,0.43,0.56,0.36
822,0.5,0.41,0.44,0.5,0.42
823,0.5,0.4,0.56,0.7,0.5
824,0.37,0.58,0.44,0.51,0.44
825,0.55,0.45,0.45,0.54,0.5
826,0.67,0.68,0.46,0.29,0.46
827,0.47,0.46,0.59,0.49,0.56
828,0.53,0.44,0.51,0.33,0.52
829,0.46,0.54,0.71,0.15,0.59
830,0.4,0.56,0.48,0.14,0.47
831,0.53,0.53,0.6,0.13,0.49
832,0.42,0.57,0.72,0.22,0.57
833,0.44,0.68,0.45,0.51,0.52
834,0.27,0.39,0.66,0.11,0.44
835,0.47,0.65,0.54,0.62,0.53
836,0.69,0.5,0.49,0.42,0.49
837,0.57,0.59,0.5,0.58,0.53
838,0.47,0.45,0.53,0.62,0.46
839,0.55,0.53,0.56,0.29,0.48
840,0.45,0.56,0.51,0.64,0.54
841,0.38,0.46,0.52,0.75,0.5
842,0.51,0.68,0.49,0.59,0.54
843,0.53,0.56,0.49,0.46,0.52
844,0.45,0.54,0.54,0.62,0.53
845,0.51,0.52,0.48,0.5,0.51
846,0.55,0.49,0.5,0.46,0.52
847,0.5,0.53,0.45,0.44,0.49
848,0.45,0.59,0.53,0.74,0.47
849,0.57,0.61,0.55,0.67,0.48
850,0.67,0.51,0.53,0.28,0.51
851,0.35,0.49,0.47,0.22,0.5
852,0.47,0.63,0.66,0.45,0.37
853,0.58,0.55,0.52,0.22,0.44
854,0.59,0.57,0.46,0.14,0.52
855,0.46,0.41,0.5,0.44,0.53
856,0.54,0.51,0.54,0.52,0.47
857,0.53,0.5,0.54,0.56,0.49
858,0.36,0.44,0.57,0.18,0.42
859,0.48,0.57,0.52,0.61,0.51
860,0.52,0.62,0.54,0.19,0.5
861,0.68,0.5,0.55,0.65,0.46
862,0.48,0.48,0.5,0.47,0.55
863,0.5,0.62,0.54,0.66,0.49
864,0.47,0.54,0.54,0.48,0.53
865,0.72,0.58,0.42,0.28,0.48
866,0.41,0.41,0.51,0.19,0.57
867,0.81,0.65,0.52,0.41,0.57
868,0.58,0.49,0.5,0.41,0.57
869,0.4,0.52,0.53,0.52,0.51
870,0.32,0.47,0.55,0.25,0.49
871,0.53,0.48,0.45,0.44,0.49
872,0.49,0.48,0.46,0.63,0.52
873,0.45,0.48,0.63,0.67,0.48
874,0.66,0.52,0.52,0.44,0.56
875,0.5,0.49,0.59,0.47,0.49
876,0.48,0.47,0.54,0.55,0.51
877,0.6,0.59,0.45,0.23,0.55
878,0.45,0.73,0.47,0.65,0.54
879,0.67,0.51,0.54,0.21,0.43
880,0.4,0.68,0.5,0.82,0.44
881,0.59,0.57,0.43,0.26,0.51
882,0.6,0.62,0.54,0.4,0.5
883,0.36,0.4,0.53,0.48,0.48
884,0.51,0.42,0.56,0.38,0.46
885,0.41,0.54,0.58,0.2,0.52
886,0.57,0.4,0.62,0.3,0.48
887,0.52,0.5,0.59,0.31,0.5
888,0.42,0.53,0.53,0.64,0.47
889,0.5,0.46,0.64,0.36,0.49
890,0.6,0.51,0.6,0.38,0.52
891,0.45,0.38,0.64,0.14,0.54
892,0.6,0.57,0.64,0.52,0.47
893,0.53,0.42,0.58,0.29,0.5
894,0.41,0.52,0.53,0.41,0.39
895,0.45,0.43,0.63,0.4,0.59
896,0.44,0.44,0.67,0.35,0.48
897,0.58,0.52,0.61,0.33,0.38
898,0.57,0.61,0.55,0.27,0.44
899,0.57,0.58,0.58,0.35,0.49
900,0.64,0.64,0.56,0.21,0.5
901,0.56,0.5,0.61,0.49,0.46
902,0.6,0.46,0.59,0.16,0.49
903,0.36,0.38,0.56,0.44,0.48
904,0.53,0.52,0.61,0.35,0.5
905,0.62,0.59,0.54,0.47,0.46
906,0.55,0.5,0.6,0.31,0.46
907,0.58,0.53,0.57,0.46,0.51
908,0.65,0.53,0.55,0.52,0.47
909,0.38,0.54,0.54,0.41,0.51
910,0.58,0.53,0.5,0.53,0.47
911,0.61,0.46,0.51,0.37,0.51
912,0.55,0.59,0.47,0.64,0.54
913,0.54,0.64,0.5,0.13,0.49
914,0.4,0.74,0.49,0.16,0.51
915,0.51,0.56,0.51,0.42,0.53
916,0.43,0.32,0.5,0.29,0.5
917,0.49,0.44,0.45,0.55,0.48
918,0.5,0.56,0.49,0.61,0.5
919,0.51,0.48,0.51,0.43,0.49
920,0.63,0.6,0.5,0.27,0.55
921,0.46,0.44,0.53,0.31,0.48
922,0.58,0.57,0.54,0.69,0.54
923,0.61,0.59,0.47,0.49,0.54
924,0.63,0.47,0.56,0.12,0.5
925,0.55,0.53,0.54,0.4,0.48
926,0.41,0.47,0.58,0.62,0.5
927,0.44,0.53,0.53,0.37,0.51
928,0.46,0.46,0.56,0.12,0.55
929,0.51,0.46,0.54,0.41,0.53
930,0.6,0.51,0.52,0.45,0.5
931,0.37,0.51,0.57,0.4,0.48
932,0.53,0.61,0.51,0.49,0.54
933,0.75,0.67,0.51,0.29,0.52
934,0.78,0.65,0.4,0.16,0.63
935,0.52,0.64,0.34,0.16,0.57
936,0.75,0.66,0.64,0.39,0.46
937,0.41,0.49,0.58,0.22,0.52
938,0.39,0.28,0.54,0.14,0.59
939,0.6,0.54,0.54,0.53,0.52
940,0.49,0.52,0.53,0.7,0.51
941,0.45,0.58,0.59,0.44,0.56
942,0.5,0.32,0.49,0.49,0.48
943,0.45,0.53,0.47,0.43,0.5
944,0.75,0.6,0.43,0.35,0.45
945,0.56,0.68,0.52,0.39,0.36
946,0.48,0.45,0.59,0.35,0.55
947,0.26,0.28,0.6,0.2,0.54
948,0.59,0.45,0.58,0.21,0.49
949,0.48,0.52,0.49,0.35,0.51
950,0.59,0.58,0.47,0.61,0.44
951,0.5,0.57,0.62,0.25,0.51
952,0.59,0.61,0.51,0.62,0.51
953,0.47,0.54,0.53,0.77,0.52
954,0.42,0.65,0.58,0.34,0.5
955,0.51,0.46,0.4,0.65,0.49
956,0.6,0.59,0.47,0.47,0.53
957,0.45,0.53,0.51,0.42,0.52
958,0.5,0.62,0.52,0.3,0.56
959,0.49,0.45,0.54,0.4,0.55
960,0.64,0.53,0.59,0.14,0.53
961,0.57,0.6,0.54,0.17,0.52
962,0.38,0.31,0.59,0.19,0.46
963,0.68,0.53,0.44,0.31,0.51
964,0.41,0.41,0.43,0.61,0.53
965,0.55,0.38,0.64,0.42,0.47
966,0.45,0.43,0.5,0.25,0.47
967,0.47,0.53,0.48,0.51,0.54
968,0.42,0.49,0.49,0.36,0.57
969,0.47,0.56,0.46,0.5,0.51
970,0.39,1.0,0.38,0.41,0.5
971,0.52,0.54,0.47,0.49,0.54
972,0.56,0.65,0.49,0.56,0.49
973,0.53,0.51,0.55,0.57,0.46
974,0.54,0.64,0.4,0.56,0.51
975,0.47,0.58,0.47,0.52,0.54
976,0.47,0.52,0.54,0.25,0.54
977,0.56,0.59,0.45,0.15,0.54
978,0.47,0.56,0.53,0.44,0.53
979,0.57,0.51,0.34,0.13,0.53
980,0.23,0.37,0.32,0.13,0.53
981,0.54,0.47,0.58,0.4,0.46
982,0.51,0.5,0.49,0.45,0.48
983,0.55,0.41,0.67,0.61,0.49
984,0.28,0.18,0.72,0.26,0.49
985,0.61,0.54,0.54,0.38,0.54
986,0.53,0.45,0.52,0.29,0.55
987,0.61,0.73,0.5,0.58,0.5
988,0.66,0.37,0.6,0.25,0.69
989,0.51,0.39,0.56,0.55,0.46
990,0.45,0.39,0.46,0.29,0.42
991,0.59,0.56,0.5,0.48,0.46
992,0.46,0.61,0.55,0.29,0.49
993,0.56,0.71,0.47,0.21,0.52
994,0.58,0.63,0.52,0.7,0.46
995,0.47,0.41,0.53,0.27,0.47
996,0.51,0.59,0.46,0.13,0.48
997,0.58,0.67,0.49,0.16,0.47
998,0.5,0.61,0.44,0.2,0.49
999,0.46,0.62,0.46,0.54,0.51
1000,0.52,0.53,0.58,0.69,0.5
1001,0.39,0.58,0.47,0.18,0.48
1002,0.38,0.47,0.47,0.18,0.44
1003,0.63,0.57,0.5,0.48,0.51
1004,0.51,0.45,0.62,0.25,0.59
1005,0.58,0.44,0.57,0.13,0.54
1006,0.48,0.45,0.59,0.2,0.58
1007,0.43,0.39,0.54,0.21,0.53
1008,0.42,0.37,0.59,0.2,0.52
1009,0.58,0.47,0.54,0.11,0.51
1010,0.5,0.34,0.55,0.21,0.49
1011,0.61,0.6,0.55,0.21,0.5
1012,0.53,0.54,0.43,0.1,0.57
1013,0.33,0.55,0.51,0.43,0.51
1014,0.53,0.31,0.58,0.39,0.47
1015,0.45,0.46,0.55,0.43,0.55
1016,0.37,0.32,0.47,0.18,0.45
1017,0.48,0.43,0.51,0.32,0.52
1018,0.41,0.46,0.59,0.19,0.58
1019,0.5,0.52,0.59,0.3,0.51
1020,0.33,0.43,0.64,0.16,0.52
1021,0.48,0.23,0.57,0.27,0.48
1022,0.44,0.52,0.41,0.23,0.51
1023,0.3,0.32,0.57,0.19,0.48
1024,0.4,0.44,0.49,0.47,0.49
1025,0.45,0.51,0.5,0.16,0.52
1026,0.4,0.38,0.53,0.16,0.52
1027,0.53,0.51,0.55,0.05,0.45
1028,0.62,0.51,0.52,0.42,0.54
1029,0.35,0.58,0.54,0.16,0.51
1030,0.48,0.54,0.5,0.17,0.53
1031,0.47,0.32,0.64,0.3,0.63
1032,0.58,0.48,0.51,0.47,0.55
1033,0.64,0.6,0.57,0.19,0.43
1034,0.37,0.46,0.4,0.27,0.45
1035,0.28,0.37,0.61,0.09,0.52
1036,0.26,0.36,0.47,0.34,0.53
1037,0.51,0.34,0.5,0.19,0.5
1038,0.58,0.5,0.5,0.12,0.48
1039,0.41,0.39,0.44,0.34,0.48
1040,0.36,0.68,0.46,0.16,0.53
1041,0.42,0.31,0.5,0.15,0.53
1042,0.67,0.71,0.52,0.65,0.53
1043,0.49,0.47,0.53,0.16,0.48
1044,0.42,0.51,0.5,0.12,0.52
1045,0.57,0.51,0.53,0.18,0.56
1046,0.31,0.44,0.53,0.23,0.51
1047,0.31,0.31,0.56,0.33,0.52
1048,0.49,0.31,0.49,0.35,0.51
1049,0.38,0.37,0.56,0.21,0.49
1050,0.56,0.52,0.48,0.17,0.46
1051,0.58,0.56,0.45,0.12,0.51
1052,0.53,0.38,0.66,0.25,0.43
1053,0.34,0.36,0.54,0.11,0.36
1054,0.41,0.45,0.53,0.17,0.51
1055,0.31,0.46,0.54,0.52,0.5
1056,0.59,0.58,0.56,0.21,0.54
1057,0.39,0.28,0.46,0.12,0.41
1058,0.56,0.43,0.54,0.16,0.5
1059,0.27,0.36,0.6,0.33,0.37
1060,0.35,0.4,0.59,0.22,0.47
1061,0.42,0.32,0.5,0.21,0.51
1062,0.23,0.2,0.53,0.2,0.44
1063,0.55,0.54,0.56,0.22,0.5
1064,0.36,0.24,0.49,0.16,0.51
1065,0.6,0.56,0.47,0.2,0.5
1066,0.41,0.24,0.54,0.26,0.41
1067,0.43,0.39,0.54,0.14,0.47
1068,0.5,0.51,0.52,0.09,0.48
1069,0.53,0.61,0.52,0.21,0.55
1070,0.46,0.43,0.49,0.79,0.49
1071,0.61,0.3,0.59,0.12,0.49
1072,0.37,0.53,0.46,0.23,0.47
1073,0.35,0.39,0.57,0.11,0.48
1074,0.55,0.46,0.46,0.31,0.58
1075,0.35,0.6,0.47,0.13,0.52
1076,0.33,0.44,0.49,0.08,0.48
1077,0.54,0.57,0.52,0.19,0.59
1078,0.37,0.43,0.62,0.27,0.48
1079,0.56,0.59,0.53,0.16,0.24
1080,0.44,0.44,0.49,0.15,0.46
1081,0.6,0.6,0.49,0.3,0.53
1082,0.35,0.68,0.57,0.4,0.53
1083,0.23,0.3,0.58,0.22,0.48
1084,0.56,0.54,0.59,0.14,0.52
1085,0.31,0.31,0.54,0.18,0.52
1086,0.27,0.51,0.47,0.35,0.49
1087,0.54,0.56,0.57,0.18,0.45
1088,0.17,0.38,0.45,0.09,0.54
1089,0.43,0.51,0.54,0.15,0.45
1090,0.43,0.54,0.58,0.16,0.5
1091,0.34,0.66,0.51,0.16,0.47
1092,0.4,0.34,0.52,0.17,0.47
1093,0.58,0.48,0.56,0.1,0.46
1094,0.58,0.48,0.56,0.12,0.46
1095,0.41,0.6,0.53,0.29,0.47
1096,0.6,0.48,0.44,0.52,0.54
1097,0.47,0.49,0.63,0.17,0.31
1098,0.28,0.51,0.55,0.11,0.46
1099,0.56,0.57,0.63,0.39,0.59
1100,0.46,0.57,0.57,0.15,0.52
1101,0.43,0.42,0.54,0.22,0.57
1102,0.44,0.42,0.62,0.14,0.55
1103,0.37,0.34,0.58,0.24,0.44
1104,0.37,0.34,0.58,0.24,0.44
1105,0.39,0.39,0.55,0.52,0.37
1106,0.39,0.39,0.55,0.52,0.37
1107,0.48,0.57,0.5,0.09,0.52
1108,0.61,0.57,0.45,0.21,0.5
1109,0.37,0.22,0.64,0.35,0.47
1110,0.51,0.48,0.58,0.22,0.5
1111,0.49,0.37,0.59,0.17,0.51
1112,0.51,0.48,0.58,0.22,0.5
1113,0.53,0.53,0.53,0.17,0.49
1114,0.29,0.68,0.47,0.26,0.47
1115,0.5,0.45,0.49,0.15,0.55
1116,0.43,0.39,0.51,0.28,0.4
1117,0.34,0.35,0.61,0.19,0.52
1118,0.44,0.53,0.52,0.37,0.5
1119,0.44,0.53,0.52,0.37,0.5
1120,0.32,0.34,0.61,0.17,0.52
1121,0.34,0.34,0.61,0.18,0.52
1122,0.54,0.45,0.62,0.13,0.52
1123,0.56,0.45,0.59,0.14,0.51
1124,0.45,0.38,0.59,0.18,0.44
1125,0.42,0.32,0.61,0.13,0.14
1126,0.5,0.45,0.49,0.3,0.47
1127,0.23,0.34,0.41,0.28,0.5
1128,0.34,0.31,0.6,0.37,0.5
1129,0.59,0.53,0.47,0.26,0.53
1130,0.57,0.49,0.48,0.16,0.51
1131,0.43,0.32,0.56,0.27,0.47
1132,0.52,0.48,0.54,0.28,0.54
1133,0.43,0.38,0.51,0.24,0.46
1134,0.44,0.41,0.44,0.13,0.49
1135,0.53,0.44,0.47,0.22,0.53
1136,0.44,0.53,0.43,0.17,0.54
1137,0.52,0.49,0.57,0.57,0.51
1138,0.62,0.64,0.56,0.2,0.48
1139,0.46,0.32,0.58,0.17,0.61
1140,0.49,0.62,0.65,0.18,0.46
1141,0.33,0.37,0.54,0.28,0.53
1142,0.33,0.38,0.53,0.26,0.52
1143,0.5,0.49,0.52,0.2,0.43
1144,0.18,0.48,0.46,0.12,0.0
1145,0.26,0.38,0.52,0.36,0.48
1146,0.53,0.51,0.51,0.11,0.49
1147,0.46,0.57,0.52,0.28,0.52
1148,0.7,0.53,0.42,0.22,0.51
1149,0.55,0.49,0.45,0.18,0.49
1150,0.4,0.53,0.61,0.21,0.48
1151,0.43,0.83,0.55,0.2,0.47
1152,0.55,0.65,0.5,0.28,0.55
1153,0.54,0.52,0.54,0.2,0.55
1154,0.37,0.31,0.53,0.16,0.53
1155,0.43,0.39,0.59,0.13,0.41
1156,0.66,0.54,0.49,0.16,0.54
1157,0.58,0.46,0.46,0.34,0.5
1158,0.39,0.3,0.56,0.12,0.53
1159,0.32,0.45,0.44,0.2,0.55
1160,0.51,0.6,0.51,0.26,0.54
1161,0.49,0.46,0.42,0.46,0.55
1162,0.52,0.38,0.62,0.12,0.41
1163,0.53,0.4,0.57,0.12,0.53
1164,0.51,0.56,0.62,0.24,0.52
1165,0.47,0.46,0.55,0.28,0.44
1166,0.39,0.35,0.49,0.17,0.49
1167,0.58,0.56,0.52,0.25,0.57
1168,0.56,0.63,0.52,0.2,0.34
1169,0.42,0.28,0.57,0.18,0.42
1170,0.36,0.39,0.55,0.26,0.49
1171,0.47,0.59,0.37,0.31,0.51
1172,0.48,0.62,0.52,0.3,0.51
1173,0.48,0.54,0.53,0.6,0.53
1174,0.33,0.46,0.53,0.29,0.5
1175,0.36,0.44,0.51,0.17,0.6
1176,0.39,0.34,0.68,0.3,0.5
1177,0.11,0.41,0.67,0.13,0.45
1178,0.4,0.53,0.44,0.18,0.54
1179,0.36,0.3,0.5,0.19,0.55
1180,0.35,0.44,0.54,0.26,0.52
1181,0.43,0.28,0.53,0.34,0.55
1182,0.33,0.48,0.55,0.16,0.53
1183,0.45,0.21,0.49,0.24,0.46
1184,0.44,0.34,0.61,0.13,0.49
1185,0.87,0.47,0.6,0.47,0.59
1186,0.3,0.55,0.58,0.16,0.61
1187,0.47,0.47,0.5,0.15,0.5
1188,0.51,0.34,0.49,0.16,0.53
1189,0.64,0.76,0.51,0.18,0.46
1190,0.45,0.41,0.58,0.48,0.53
1191,0.9,0.54,0.59,0.2,0.48
1192,0.88,0.59,0.54,0.39,0.41
1193,0.7,0.51,0.47,0.24,0.53
1194,0.25,0.36,0.58,0.3,0.58
1195,0.69,0.62,0.49,0.0,0.47
1196,0.58,0.51,0.56,0.16,0.34
1197,0.39,0.42,0.49,0.1,0.49
1198,0.31,0.42,0.48,0.17,0.49
1199,0.64,0.52,0.5,0.26,0.51
1200,0.33,0.38,0.45,0.19,0.54
1201,0.61,0.46,0.44,0.47,0.5
1202,0.37,0.42,0.6,0.13,0.51
1203,0.67,0.46,0.58,0.3,0.57
1204,0.41,0.48,0.54,0.24,0.37
1205,0.48,0.46,0.58,0.26,0.44
1206,0.44,0.42,0.57,0.22,0.5
1207,0.53,0.54,0.43,0.18,0.53
1208,0.4,0.37,0.54,0.13,0.48
1209,0.5,0.42,0.57,0.49,0.48
1210,0.45,0.4,0.43,0.22,0.51
1211,0.38,0.48,0.51,0.13,0.5
1212,0.49,0.48,0.52,0.2,0.55
1213,0.36,0.39,0.54,0.16,0.5
1214,0.54,0.53,0.48,0.14,0.49
1215,0.37,0.48,0.5,0.26,0.52
1216,0.25,0.39,0.5,0.23,0.5
1217,0.49,0.71,0.54,0.13,0.58
1218,0.56,0.5,0.56,0.26,0.53
1219,0.41,0.53,0.41,0.15,0.54
1220,0.5,0.45,0.53,0.21,0.28
1221,0.42,0.28,0.51,0.23,0.53
1222,0.33,0.35,0.56,0.19,0.5
1223,0.45,0.48,0.56,0.56,0.47
1224,0.56,0.59,0.54,0.18,0.48
1225,0.33,0.39,0.52,0.09,0.47
1226,0.48,0.41,0.54,0.39,0.51
1227,0.3,0.3,0.46,0.32,0.45
1228,0.38,0.26,0.6,0.1,0.48
1229,0.68,0.39,0.5,0.15,0.48
1230,0.62,0.41,0.52,0.17,0.48
1231,0.52,0.37,0.48,0.13,0.55
1232,0.32,0.48,0.49,0.17,0.47
1233,0.34,0.35,0.58,0.2,0.46
1234,0.33,0.21,0.53,0.15,0.52
1235,0.49,0.45,0.57,0.24,0.47
1236,0.4,0.28,0.48,0.06,0.49
1237,0.51,0.39,0.56,0.25,0.51
1238,0.37,0.44,0.51,0.56,0.5
1239,0.29,0.4,0.41,0.48,0.53
1240,0.24,0.41,0.47,0.16,0.51
1241,0.61,0.39,0.53,0.14,0.43
1242,0.39,0.16,0.59,0.08,0.51
1243,0.33,0.28,0.5,0.4,0.46
1244,0.51,0.55,0.56,0.18,0.5
1245,0.39,0.44,0.54,0.24,0.51
1246,0.43,0.48,0.53,0.18,0.46
1247,0.47,0.43,0.48,0.16,0.46
1248,0.52,0.5,0.51,0.2,0.51
1249,0.33,0.28,0.52,0.15,0.51
1250,0.36,0.48,0.5,0.13,0.49
1251,0.45,0.54,0.49,0.29,0.49
1252,0.55,0.59,0.53,0.15,0.49
1253,0.31,0.39,0.55,0.28,0.46
1254,0.43,0.41,0.51,0.34,0.49
1255,0.64,0.5,0.53,0.1,0.51
1256,0.41,0.52,0.56,0.26,0.48
1257,0.48,0.47,0.59,0.41,0.56
1258,0.49,0.49,0.51,0.29,0.52
1259,0.41,0.52,0.51,0.22,0.52
1260,0.51,0.61,0.5,0.23,0.52
1261,0.54,0.53,0.53,0.17,0.51
1262,0.53,0.46,0.54,0.37,0.51
1263,0.58,0.31,0.6,0.12,0.47
1264,0.49,0.67,0.5,0.28,0.43
1265,0.44,0.33,0.55,0.16,0.49
1266,0.44,0.45,0.53,0.19,0.41
1267,0.57,0.55,0.52,0.16,0.49
1268,0.32,0.49,0.53,0.28,0.5
1269,0.35,0.42,0.56,0.28,0.47
1270,0.46,0.41,0.58,0.1,0.48
1271,0.57,0.51,0.58,0.22,0.51
1272,0.47,0.47,0.54,0.19,0.51
1273,0.34,0.58,0.5,0.26,0.51
1274,0.55,0.45,0.58,0.25,0.49
1275,0.4,0.66,0.34,0.21,0.52
1276,0.42,0.21,0.59,0.3,0.47
1277,0.35,0.4,0.44,0.25,0.53
1278,0.45,0.49,0.57,0.25,0.48
1279,0.56,0.51,0.32,0.49,0.48
1280,0.37,0.58,0.5,0.22,0.47
1281,0.47,0.45,0.51,0.33,0.46
1282,0.5,0.36,0.64,0.37,0.37
1283,0.43,0.44,0.64,0.19,0.38
1284,0.72,0.51,0.52,0.08,0.54
1285,0.35,0.41,0.53,0.27,0.47
1286,0.56,0.49,0.54,0.15,0.5
1287,0.57,0.37,0.43,0.27,0.53
1288,0.57,0.49,0.61,0.26,0.52
1289,0.48,0.45,0.63,0.19,0.58
1290,0.34,0.48,0.47,0.19,0.5
1291,0.54,0.57,0.55,0.18,0.5
1292,0.38,0.44,0.55,0.44,0.47
1293,0.4,0.3,0.57,0.13,0.46
1294,0.27,0.31,0.55,0.13,0.5
1295,0.52,0.46,0.56,0.25,0.52
1296,0.44,0.5,0.55,0.24,0.48
1297,0.34,0.47,0.48,0.32,0.42
1298,0.5,0.56,0.63,0.25,0.42
1299,0.46,0.53,0.47,0.37,0.51
1300,0.31,0.6,0.65,0.18,0.46
1301,0.57,0.42,0.63,0.22,0.68
1302,0.37,0.45,0.53,0.14,0.49
1303,0.38,0.38,0.54,0.24,0.54
1304,0.36,0.49,0.55,0.21,0.55
1305,0.29,0.4,0.5,0.16,0.51
1306,0.37,0.3,0.51,0.15,0.58
1307,0.44,0.62,0.53,0.27,0.49
1308,0.56,0.61,0.52,0.19,0.52
1309,0.6,0.57,0.52,0.14,0.46
1310,0.42,0.38,0.52,0.29,0.42
1311,0.41,0.46,0.58,0.08,0.51
1312,0.46,0.49,0.55,0.18,0.56
1313,0.47,0.37,0.46,0.28,0.52
1314,0.48,0.5,0.47,0.29,0.46
1315,0.49,0.49,0.52,0.18,0.51
1316,0.54,0.59,0.57,0.34,0.49
1317,0.47,0.44,0.53,0.18,0.47
1318,0.4,0.49,0.53,0.23,0.44
1319,0.45,0.65,0.51,0.17,0.49
1320,0.42,0.42,0.55,0.31,0.43
1321,0.45,0.41,0.53,0.49,0.49
1322,0.42,0.28,0.49,0.22,0.55
1323,0.47,0.5,0.47,0.22,0.53
1324,0.33,0.42,0.55,0.23,0.52
1325,0.37,0.47,0.49,0.12,0.47
1326,0.32,0.6,0.48,0.13,0.53
1327,0.46,0.56,0.56,0.25,0.43
1328,0.47,0.55,0.57,0.17,0.52
1329,0.19,0.16,0.68,0.36,0.49
1330,0.47,0.56,0.51,0.2,0.52
1331,0.4,0.75,0.44,0.12,0.49
1332,0.48,0.55,0.58,0.18,0.38
1333,0.33,0.47,0.55,0.24,0.45
1334,0.66,0.43,0.57,0.6,0.19
1335,0.55,0.4,0.62,0.22,0.37
1336,0.33,0.46,0.6,0.18,0.51
1337,0.51,0.5,0.54,0.11,0.6
1338,0.54,0.6,0.57,0.17,0.44
1339,0.36,0.32,0.55,0.27,0.47
1340,0.46,0.41,0.45,0.23,0.48
1341,0.4,0.39,0.6,0.23,0.52
1342,0.57,0.55,0.51,0.18,0.51
1343,0.44,0.43,0.46,0.28,0.45
1344,0.46,0.5,0.5,0.28,0.5
1345,0.38,0.58,0.46,0.21,0.52
1346,0.27,0.46,0.52,0.17,0.49
1347,0.52,0.45,0.45,0.13,0.48
1348,0.37,0.29,0.45,0.15,0.49
1349,0.37,0.48,0.67,0.37,0.56
1350,0.44,0.59,0.54,0.18,0.49
1351,0.48,0.65,0.36,0.24,0.54
1352,0.59,0.49,0.45,0.22,0.45
1353,0.73,0.52,0.59,0.25,0.51
1354,0.5,0.43,0.5,0.17,0.46
1355,0.23,0.13,0.51,0.16,0.53
1356,0.49,0.6,0.54,0.35,0.53
1357,0.52,0.31,0.56,0.16,0.55
1358,0.49,0.48,0.51,0.21,0.53
1359,0.49,0.6,0.42,0.18,0.58
1360,0.6,0.62,0.54,0.11,0.51
1361,0.55,0.47,0.53,0.2,0.4
1362,0.47,0.32,0.51,0.24,0.54
1363,0.53,0.25,0.59,0.27,0.45
1364,0.31,0.5,0.54,0.32,0.53
1365,0.25,0.33,0.48,0.18,0.42
1366,0.44,0.39,0.63,0.11,0.49
1367,0.38,0.42,0.47,0.12,0.47
1368,0.19,0.66,0.6,0.14,0.2
1369,0.38,0.51,0.56,0.21,0.48
1370,0.45,0.57,0.52,0.21,0.54
1371,0.66,0.65,0.53,0.17,0.47
1372,0.48,0.54,0.56,0.29,0.51
1373,0.58,0.64,0.42,0.3,0.54
1374,0.58,0.37,0.58,0.16,0.51
1375,0.48,0.17,0.37,0.33,0.44
1376,0.47,0.47,0.5,0.19,0.51
1377,0.55,0.38,0.52,0.16,0.49
1378,0.41,0.39,0.61,0.17,0.5
1379,0.41,0.56,0.53,0.16,0.55
1380,0.44,0.65,0.49,0.16,0.48
1381,0.49,0.51,0.52,0.13,0.51
1382,0.45,0.4,0.56,0.15,0.52
1383,0.55,0.79,0.45,0.25,0.51
1384,0.58,0.51,0.63,0.2,0.5
1385,0.63,0.58,0.57,0.1,0.52
1386,0.54,0.67,0.56,0.15,0.57
1387,0.41,0.59,0.65,0.14,0.49
1388,0.47,0.38,0.5,0.15,0.49
1389,0.33,0.17,0.52,0.13,0.51
1390,0.47,0.46,0.53,0.12,0.51
1391,0.57,0.29,0.63,0.22,0.49
1392,0.52,0.49,0.59,0.21,0.47
1393,0.41,0.42,0.53,0.17,0.48
1394,0.45,0.36,0.5,0.19,0.53
1395,0.53,0.51,0.54,0.21,0.45
1396,0.49,0.38,0.49,0.15,0.53
1397,0.5,0.5,0.48,0.34,0.52
1398,0.5,0.43,0.56,0.17,0.35
1399,0.36,0.52,0.61,0.33,0.52
1400,0.49,0.36,0.47,0.28,0.56
1401,0.34,0.42,0.48,0.19,0.46
1402,0.6,0.57,0.63,0.22,0.5
1403,0.53,0.44,0.54,0.52,0.49
1404,0.56,0.49,0.47,0.13,0.52
1405,0.55,0.49,0.6,0.18,0.51
1406,0.64,0.56,0.52,0.17,0.54
1407,0.4,0.45,0.45,0.15,0.53
1408,0.45,0.51,0.43,0.22,0.57
1409,0.57,0.53,0.6,0.28,0.52
1410,0.32,0.3,0.57,0.38,0.5
1411,0.28,0.41,0.46,0.18,0.47
1412,0.25,0.41,0.47,0.14,0.56
1413,0.4,0.44,0.47,0.25,0.54
1414,0.29,0.39,0.46,0.36,0.51
1415,0.54,0.54,0.56,0.18,0.46
1416,0.58,0.44,0.45,0.32,0.52
1417,0.4,0.4,0.44,0.37,0.53
1418,0.47,0.4,0.63,0.19,0.52
1419,0.33,0.38,0.47,0.14,0.51
1420,0.38,0.44,0.57,0.14,0.53
1421,0.4,0.43,0.49,0.17,0.51
1422,0.34,0.24,0.51,0.15,0.54
1423,0.35,0.29,0.46,0.14,0.54
1424,0.36,0.48,0.61,0.26,0.5
1425,0.41,0.25,0.59,0.44,0.6
1426,0.57,0.59,0.49,0.86,0.47
1427,0.38,0.4,0.39,0.19,0.46
1428,0.41,0.47,0.5,0.14,0.53
1429,0.25,0.4,0.52,0.15,0.56
1430,0.58,0.56,0.38,0.39,0.54
1431,0.59,0.67,0.54,0.19,0.48
1432,0.47,0.43,0.61,0.4,0.48
1433,0.43,0.4,0.6,0.16,0.53
1434,0.45,0.41,0.5,0.46,0.5
1435,0.44,0.38,0.48,0.32,0.53
1436,0.37,0.53,0.6,0.19,0.42
1437,0.44,0.53,0.52,0.23,0.51
1438,0.69,0.6,0.51,0.13,0.52
1439,0.46,0.48,0.44,0.21,0.55
1440,0.52,0.5,0.53,0.1,0.48
1441,0.68,0.58,0.51,0.19,0.54
1442,0.42,0.5,0.53,0.22,0.5
1443,0.49,0.27,0.57,0.18,0.54
1444,0.5,0.5,0.54,0.16,0.49
1445,0.47,0.43,0.59,0.27,0.55
1446,0.68,0.59,0.44,0.49,0.4
1447,0.5,0.51,0.57,0.27,0.48
1448,0.46,0.37,0.48,0.36,0.48
1449,0.32,0.68,0.51,0.16,0.55
1450,0.4,0.4,0.43,0.19,0.48
1451,0.57,0.52,0.46,0.2,0.52
1452,0.82,0.63,0.47,0.18,0.5
1453,0.74,0.75,0.45,0.44,0.52
1454,0.37,0.36,0.56,0.18,0.48
1455,0.74,0.57,0.51,0.28,0.58
1456,0.7,0.65,0.54,0.28,0.6
1457,0.36,0.68,0.38,0.08,0.53
1458,0.42,0.32,0.48,0.16,0.55
1459,0.28,0.46,0.26,0.18,0.39
1460,0.51,0.46,0.49,0.21,0.55
1461,0.8,0.82,0.57,0.26,0.57
1462,0.46,0.49,0.45,0.28,0.55
1463,0.4,0.36,0.55,0.15,0.53
1464,0.4,0.39,0.33,0.17,0.51
1465,0.75,0.69,0.48,0.13,0.57
1466,0.69,0.7,0.5,0.3,0.54
1467,0.63,0.55,0.53,0.51,0.55
1468,0.7,0.78,0.53,0.24,0.48
1469,0.58,0.43,0.32,0.11,0.49
1470,0.49,0.5,0.42,0.43,0.5
1471,0.55,0.44,0.5,0.09,0.55
1472,0.36,0.51,0.51,0.17,0.52
1473,0.68,0.68,0.35,0.16,0.62
1474,0.44,0.35,0.55,0.14,0.52
1475,0.73,0.59,0.35,0.15,0.54
1476,0.6,0.37,0.52,0.15,0.55
1477,0.64,0.61,0.56,0.15,0.54
1478,0.48,0.58,0.58,0.12,0.49
1479,0.65,0.58,0.53,0.21,0.51
1480,0.48,0.49,0.49,0.26,0.39
1481,0.57,0.54,0.32,0.15,0.52
1482,0.4,0.36,0.32,0.16,0.51
1483,0.57,0.47,0.48,0.17,0.52
